date,Total,State/ACT,State/NSW,State/NT,State/QLD,State/SA,State/TAS,State/VIC,State/WA,Gender/Female,Gender/Male,Legal/Remanded,Legal/Sentenced,ACT-Female-Remanded,ACT-Female-Sentenced,ACT-Male-Remanded,ACT-Male-Sentenced,NSW-Female-Remanded,NSW-Female-Sentenced,NSW-Male-Remanded,NSW-Male-Sentenced,NT-Female-Remanded,NT-Female-Sentenced,NT-Male-Remanded,NT-Male-Sentenced,QLD-Female-Remanded,QLD-Female-Sentenced,QLD-Male-Remanded,QLD-Male-Sentenced,SA-Female-Remanded,SA-Female-Sentenced,SA-Male-Remanded,SA-Male-Sentenced,TAS-Female-Remanded,TAS-Female-Sentenced,TAS-Male-Remanded,TAS-Male-Sentenced,VIC-Female-Remanded,VIC-Female-Sentenced,VIC-Male-Remanded,VIC-Male-Sentenced,WA-Female-Remanded,WA-Female-Sentenced,WA-Male-Remanded,WA-Male-Sentenced
2005-01-01,24296.0,178.0,9018.0,785.0,5294.0,1552.0,525.0,3534.0,3410.0,1688.0,22608.0,5307.0,18989.0,2.0,5.0,65.0,106.0,182.0,468.0,1972.0,6396.0,13.0,12.0,147.0,613.0,81.0,273.0,1000.0,3940.0,38.0,54.0,486.0,974.0,10.0,21.0,106.0,388.0,62.0,196.0,587.0,2689.0,61.0,210.0,495.0,2644.0
2005-04-01,24643.0,183.0,9099.0,822.0,5345.0,1511.0,540.0,3592.0,3551.0,1692.0,22951.0,5313.0,19330.0,4.0,6.0,66.0,107.0,191.0,461.0,1975.0,6472.0,10.0,18.0,140.0,654.0,81.0,277.0,1019.0,3968.0,39.0,54.0,451.0,967.0,8.0,20.0,113.0,399.0,59.0,196.0,587.0,2750.0,52.0,216.0,518.0,2765.0
2005-07-01,24511.0,187.0,9007.0,796.0,5368.0,1530.0,529.0,3678.0,3416.0,1655.0,22856.0,5144.0,19367.0,1.0,5.0,63.0,118.0,186.0,437.0,1844.0,6540.0,8.0,16.0,123.0,649.0,76.0,288.0,989.0,4015.0,48.0,52.0,476.0,954.0,10.0,21.0,115.0,383.0,59.0,198.0,593.0,2828.0,49.0,201.0,504.0,2662.0
2005-10-01,24393.0,204.0,8991.0,760.0,5321.0,1556.0,519.0,3649.0,3393.0,1653.0,22740.0,5149.0,19244.0,4.0,8.0,63.0,129.0,172.0,457.0,1860.0,6502.0,10.0,16.0,125.0,609.0,81.0,290.0,985.0,3965.0,44.0,58.0,504.0,950.0,12.0,23.0,102.0,382.0,54.0,188.0,602.0,2805.0,43.0,193.0,488.0,2669.0
2006-01-01,24524.0,190.0,9103.0,806.0,5423.0,1536.0,476.0,3556.0,3434.0,1649.0,22875.0,5353.0,19171.0,4.0,9.0,60.0,117.0,191.0,452.0,1967.0,6493.0,12.0,17.0,141.0,636.0,80.0,285.0,1038.0,4020.0,41.0,60.0,481.0,954.0,11.0,22.0,89.0,354.0,50.0,168.0,605.0,2733.0,53.0,194.0,530.0,2657.0
2006-04-01,25017.0,190.0,9256.0,816.0,5527.0,1576.0,503.0,3671.0,3478.0,1697.0,23320.0,5513.0,19504.0,6.0,9.0,65.0,110.0,194.0,463.0,2005.0,6594.0,13.0,20.0,140.0,643.0,82.0,298.0,1084.0,4063.0,37.0,64.0,525.0,950.0,9.0,29.0,112.0,353.0,47.0,178.0,597.0,2849.0,53.0,195.0,544.0,2686.0
2006-07-01,25428.0,165.0,9288.0,774.0,5581.0,1604.0,542.0,3940.0,3534.0,1781.0,23647.0,5686.0,19742.0,9.0,4.0,52.0,100.0,202.0,484.0,2031.0,6571.0,11.0,23.0,158.0,582.0,89.0,314.0,1111.0,4067.0,36.0,65.0,514.0,989.0,14.0,25.0,124.0,379.0,48.0,199.0,687.0,3006.0,57.0,201.0,543.0,2733.0
2006-10-01,25913.0,179.0,9429.0,809.0,5640.0,1661.0,553.0,4051.0,3591.0,1823.0,24090.0,5834.0,20079.0,6.0,6.0,58.0,109.0,218.0,476.0,2074.0,6661.0,7.0,21.0,175.0,606.0,95.0,320.0,1127.0,4098.0,41.0,64.0,512.0,1044.0,16.0,30.0,105.0,402.0,45.0,197.0,722.0,3087.0,68.0,213.0,565.0,2745.0
2007-01-01,25912.0,172.0,9498.0,832.0,5615.0,1700.0,506.0,4018.0,3571.0,1824.0,24088.0,5971.0,19941.0,4.0,5.0,59.0,104.0,217.0,463.0,2154.0,6664.0,11.0,28.0,158.0,635.0,108.0,310.0,1134.0,4063.0,48.0,62.0,551.0,1039.0,10.0,26.0,101.0,369.0,51.0,192.0,695.0,3080.0,72.0,217.0,598.0,2684.0
2007-04-01,26517.0,160.0,9631.0,900.0,5684.0,1781.0,529.0,4116.0,3716.0,1906.0,24611.0,6142.0,20375.0,4.0,4.0,59.0,93.0,209.0,488.0,2173.0,6761.0,12.0,28.0,175.0,685.0,108.0,332.0,1185.0,4059.0,52.0,66.0,583.0,1080.0,11.0,21.0,111.0,386.0,54.0,198.0,726.0,3138.0,76.0,243.0,604.0,2793.0
2007-07-01,26479.0,166.0,9594.0,857.0,5513.0,1806.0,532.0,4171.0,3840.0,1859.0,24620.0,6133.0,20346.0,5.0,6.0,62.0,93.0,211.0,470.0,2167.0,6746.0,9.0,29.0,149.0,670.0,105.0,298.0,1167.0,3943.0,52.0,68.0,579.0,1107.0,8.0,25.0,106.0,393.0,54.0,197.0,758.0,3162.0,61.0,261.0,640.0,2878.0
2007-10-01,26547.0,175.0,9560.0,840.0,5441.0,1833.0,567.0,4240.0,3891.0,1855.0,24692.0,6106.0,20441.0,5.0,7.0,68.0,95.0,199.0,467.0,2272.0,6622.0,8.0,30.0,159.0,643.0,96.0,310.0,1100.0,3935.0,54.0,68.0,557.0,1154.0,10.0,30.0,102.0,425.0,50.0,203.0,750.0,3237.0,54.0,264.0,622.0,2951.0
2008-01-01,26365.0,186.0,9602.0,900.0,5418.0,1882.0,518.0,4111.0,3748.0,1804.0,24561.0,6384.0,19981.0,10.0,9.0,73.0,94.0,199.0,443.0,2354.0,6606.0,11.0,30.0,199.0,660.0,101.0,305.0,1159.0,3853.0,61.0,67.0,587.0,1167.0,10.0,25.0,103.0,380.0,51.0,185.0,744.0,3131.0,64.0,233.0,658.0,2793.0
2008-04-01,26733.0,178.0,9759.0,906.0,5546.0,1911.0,535.0,4176.0,3722.0,1814.0,24919.0,6484.0,20249.0,7.0,8.0,79.0,84.0,208.0,485.0,2363.0,6703.0,10.0,30.0,187.0,679.0,103.0,303.0,1152.0,3988.0,59.0,67.0,587.0,1198.0,13.0,25.0,104.0,393.0,62.0,176.0,793.0,3145.0,56.0,202.0,701.0,2763.0
2008-07-01,27197.0,160.0,9940.0,945.0,5562.0,1960.0,519.0,4284.0,3827.0,1906.0,25291.0,6464.0,20733.0,9.0,3.0,83.0,65.0,201.0,514.0,2322.0,6903.0,16.0,31.0,199.0,699.0,109.0,324.0,1131.0,3998.0,64.0,63.0,602.0,1231.0,9.0,32.0,103.0,375.0,61.0,189.0,765.0,3269.0,74.0,207.0,716.0,2830.0
2008-10-01,27428.0,173.0,9931.0,973.0,5590.0,1927.0,528.0,4359.0,3947.0,1941.0,25487.0,6370.0,21058.0,9.0,5.0,98.0,61.0,208.0,524.0,2324.0,6875.0,15.0,32.0,213.0,713.0,90.0,353.0,1061.0,4086.0,57.0,61.0,583.0,1226.0,7.0,27.0,98.0,396.0,64.0,183.0,805.0,3307.0,84.0,222.0,654.0,2987.0
2009-01-01,27519.0,160.0,10091.0,1098.0,5543.0,1925.0,510.0,4213.0,3979.0,1945.0,25574.0,6543.0,20976.0,10.0,3.0,102.0,45.0,234.0,511.0,2491.0,6855.0,15.0,31.0,265.0,787.0,85.0,336.0,1078.0,4044.0,59.0,71.0,595.0,1200.0,11.0,22.0,97.0,380.0,70.0,184.0,743.0,3216.0,74.0,229.0,614.0,3062.0
2009-04-01,28357.0,170.0,10386.0,1084.0,5730.0,1975.0,525.0,4311.0,4176.0,2027.0,26330.0,6648.0,21709.0,7.0,11.0,64.0,88.0,236.0,531.0,2477.0,7142.0,16.0,35.0,255.0,778.0,89.0,345.0,1081.0,4215.0,57.0,74.0,621.0,1223.0,11.0,23.0,112.0,379.0,77.0,192.0,800.0,3242.0,67.0,256.0,678.0,3175.0
2009-07-01,28637.0,162.0,10399.0,1038.0,5611.0,1991.0,516.0,4390.0,4530.0,2059.0,26578.0,6500.0,22137.0,3.0,11.0,56.0,92.0,222.0,546.0,2484.0,7147.0,9.0,35.0,231.0,763.0,86.0,327.0,1051.0,4147.0,51.0,76.0,640.0,1224.0,10.0,32.0,103.0,371.0,77.0,213.0,767.0,3333.0,71.0,290.0,639.0,3530.0
2009-10-01,28868.0,176.0,10348.0,1067.0,5532.0,1963.0,507.0,4504.0,4771.0,2111.0,26757.0,6422.0,22446.0,7.0,6.0,66.0,97.0,207.0,562.0,2389.0,7190.0,12.0,34.0,226.0,795.0,84.0,336.0,1054.0,4058.0,50.0,74.0,610.0,1229.0,9.0,36.0,90.0,372.0,76.0,238.0,815.0,3375.0,59.0,321.0,668.0,3723.0
2010-01-01,28848.0,194.0,10282.0,1098.0,5595.0,1924.0,452.0,4477.0,4826.0,2106.0,26742.0,6609.0,22239.0,7.0,6.0,80.0,101.0,217.0,540.0,2519.0,7006.0,15.0,35.0,244.0,804.0,96.0,327.0,1108.0,4064.0,52.0,74.0,607.0,1191.0,8.0,26.0,84.0,334.0,69.0,246.0,768.0,3394.0,65.0,323.0,670.0,3768.0
2010-04-01,29344.0,216.0,10427.0,1113.0,5733.0,1979.0,477.0,4561.0,4838.0,2173.0,27171.0,6832.0,22512.0,11.0,8.0,81.0,116.0,217.0,558.0,2561.0,7091.0,12.0,38.0,226.0,837.0,103.0,343.0,1117.0,4170.0,54.0,70.0,662.0,1193.0,11.0,27.0,88.0,351.0,70.0,248.0,791.0,3452.0,75.0,328.0,753.0,3682.0
2010-07-01,28923.0,214.0,10236.0,1097.0,5601.0,1985.0,491.0,4566.0,4733.0,2132.0,26791.0,6438.0,22485.0,9.0,5.0,71.0,129.0,193.0,555.0,2398.0,7090.0,13.0,37.0,232.0,815.0,92.0,342.0,1068.0,4099.0,51.0,79.0,626.0,1229.0,8.0,26.0,101.0,356.0,70.0,248.0,741.0,3507.0,69.0,335.0,696.0,3633.0
2010-10-01,28653.0,218.0,10100.0,1139.0,5554.0,1973.0,491.0,4606.0,4572.0,2057.0,26596.0,6355.0,22298.0,7.0,5.0,73.0,133.0,193.0,545.0,2330.0,7032.0,9.0,37.0,245.0,848.0,83.0,325.0,1081.0,4065.0,50.0,77.0,612.0,1234.0,6.0,29.0,87.0,369.0,69.0,243.0,758.0,3536.0,63.0,316.0,689.0,3504.0
2011-01-01,28405.0,233.0,10006.0,1175.0,5428.0,1999.0,453.0,4514.0,4597.0,1990.0,26415.0,6733.0,21672.0,8.0,7.0,85.0,133.0,192.0,501.0,2564.0,6749.0,15.0,37.0,268.0,855.0,78.0,323.0,1093.0,3934.0,47.0,78.0,626.0,1248.0,6.0,22.0,78.0,347.0,71.0,235.0,776.0,3432.0,63.0,307.0,763.0,3464.0
2011-04-01,28961.0,238.0,10117.0,1249.0,5570.0,2006.0,476.0,4641.0,4664.0,2029.0,26932.0,6954.0,22007.0,5.0,9.0,87.0,137.0,201.0,488.0,2665.0,6763.0,20.0,40.0,294.0,895.0,76.0,347.0,1114.0,4033.0,37.0,84.0,610.0,1275.0,7.0,33.0,82.0,354.0,73.0,248.0,822.0,3498.0,64.0,297.0,797.0,3506.0
2011-07-01,29040.0,240.0,9964.0,1263.0,5610.0,2042.0,525.0,4764.0,4632.0,2020.0,27020.0,6790.0,22250.0,7.0,6.0,70.0,157.0,201.0,487.0,2569.0,6707.0,18.0,41.0,270.0,934.0,93.0,334.0,1110.0,4073.0,42.0,85.0,568.0,1347.0,9.0,30.0,98.0,388.0,67.0,257.0,827.0,3613.0,59.0,284.0,782.0,3507.0
2011-10-01,29188.0,235.0,9807.0,1282.0,5716.0,2049.0,528.0,4846.0,4725.0,2063.0,27125.0,6768.0,22420.0,4.0,3.0,74.0,154.0,193.0,455.0,2511.0,6648.0,21.0,39.0,254.0,968.0,88.0,392.0,1096.0,4140.0,51.0,81.0,570.0,1347.0,6.0,33.0,95.0,394.0,75.0,257.0,834.0,3680.0,82.0,283.0,814.0,3546.0
2012-01-01,29228.0,265.0,9718.0,1375.0,5626.0,2106.0,507.0,4793.0,4838.0,2030.0,27198.0,7057.0,22171.0,4.0,6.0,94.0,161.0,208.0,438.0,2523.0,6549.0,19.0,44.0,298.0,1014.0,94.0,342.0,1130.0,4060.0,56.0,72.0,621.0,1357.0,12.0,25.0,104.0,366.0,79.0,242.0,851.0,3621.0,93.0,296.0,871.0,3578.0
2012-04-01,29558.0,275.0,9722.0,1423.0,5645.0,2132.0,511.0,4895.0,4955.0,2121.0,27437.0,7066.0,22492.0,3.0,8.0,92.0,172.0,204.0,436.0,2454.0,6628.0,29.0,57.0,302.0,1035.0,101.0,360.0,1132.0,4052.0,59.0,79.0,626.0,1368.0,7.0,28.0,94.0,382.0,81.0,249.0,899.0,3666.0,95.0,325.0,888.0,3647.0
2012-07-01,29394.0,273.0,9639.0,1410.0,5634.0,2079.0,492.0,4927.0,4940.0,2180.0,27214.0,6962.0,22432.0,3.0,11.0,91.0,168.0,216.0,439.0,2371.0,6613.0,30.0,53.0,302.0,1025.0,105.0,371.0,1113.0,4045.0,53.0,81.0,594.0,1351.0,8.0,38.0,77.0,369.0,85.0,255.0,936.0,3651.0,97.0,335.0,881.0,3627.0
2012-10-01,29789.0,272.0,9720.0,1444.0,5744.0,2157.0,495.0,5040.0,4917.0,2193.0,27596.0,7047.0,22742.0,4.0,11.0,86.0,171.0,214.0,439.0,2498.0,6569.0,23.0,65.0,282.0,1074.0,104.0,370.0,1092.0,4178.0,51.0,84.0,638.0,1384.0,7.0,43.0,87.0,358.0,93.0,245.0,897.0,3805.0,98.0,342.0,873.0,3604.0
2013-01-01,30324.0,242.0,9859.0,1533.0,5889.0,2207.0,459.0,5172.0,4963.0,2255.0,28069.0,7480.0,22844.0,4.0,8.0,77.0,153.0,231.0,449.0,2635.0,6544.0,31.0,61.0,335.0,1106.0,118.0,387.0,1206.0,4178.0,55.0,80.0,666.0,1406.0,6.0,31.0,72.0,350.0,91.0,246.0,937.0,3898.0,109.0,348.0,907.0,3599.0
2013-04-01,30812.0,259.0,10030.0,1518.0,6026.0,2245.0,460.0,5287.0,4987.0,2331.0,28481.0,7658.0,23154.0,5.0,7.0,75.0,172.0,227.0,467.0,2694.0,6642.0,26.0,73.0,316.0,1103.0,133.0,414.0,1232.0,4247.0,66.0,79.0,698.0,1402.0,7.0,26.0,97.0,330.0,88.0,265.0,934.0,4000.0,105.0,343.0,955.0,3584.0
2013-07-01,31142.0,311.0,10069.0,1425.0,6190.0,2288.0,472.0,5449.0,4938.0,2397.0,28745.0,7551.0,23591.0,4.0,10.0,89.0,208.0,232.0,460.0,2620.0,6757.0,31.0,73.0,340.0,981.0,133.0,438.0,1259.0,4360.0,61.0,86.0,726.0,1415.0,5.0,27.0,92.0,348.0,99.0,289.0,886.0,4175.0,100.0,349.0,874.0,3615.0
2013-10-01,32163.0,334.0,10280.0,1521.0,6498.0,2368.0,480.0,5736.0,4946.0,2486.0,29677.0,7680.0,24483.0,6.0,11.0,75.0,242.0,239.0,460.0,2656.0,6925.0,36.0,73.0,392.0,1020.0,149.0,466.0,1286.0,4597.0,55.0,94.0,747.0,1472.0,6.0,29.0,83.0,362.0,112.0,300.0,863.0,4461.0,93.0,357.0,882.0,3614.0
2014-01-01,33055.0,330.0,10580.0,1536.0,6824.0,2431.0,472.0,5866.0,5016.0,2593.0,30462.0,8287.0,24768.0,5.0,9.0,77.0,239.0,262.0,477.0,2901.0,6940.0,48.0,75.0,447.0,966.0,161.0,485.0,1425.0,4753.0,70.0,95.0,751.0,1515.0,4.0,27.0,88.0,353.0,108.0,297.0,921.0,4540.0,108.0,362.0,911.0,3635.0
2014-04-01,33999.0,334.0,10906.0,1533.0,7034.0,2524.0,467.0,6021.0,5180.0,2617.0,31382.0,8743.0,25256.0,5.0,15.0,92.0,222.0,267.0,498.0,2936.0,7205.0,37.0,75.0,428.0,993.0,163.0,488.0,1586.0,4797.0,67.0,96.0,819.0,1542.0,4.0,26.0,94.0,343.0,104.0,296.0,1006.0,4615.0,123.0,353.0,1012.0,3692.0
2014-07-01,33929.0,329.0,10571.0,1517.0,7058.0,2550.0,443.0,6206.0,5255.0,2613.0,31316.0,8366.0,25563.0,5.0,13.0,82.0,229.0,221.0,502.0,2594.0,7254.0,43.0,68.0,382.0,1024.0,163.0,498.0,1498.0,4899.0,74.0,98.0,823.0,1555.0,4.0,26.0,89.0,324.0,98.0,314.0,1112.0,4682.0,135.0,351.0,1043.0,3726.0
2014-10-01,34607.0,343.0,10590.0,1570.0,7181.0,2673.0,459.0,6429.0,5362.0,2696.0,31911.0,8677.0,25930.0,5.0,11.0,88.0,239.0,223.0,497.0,2639.0,7231.0,41.0,75.0,419.0,1035.0,161.0,522.0,1488.0,5010.0,75.0,101.0,828.0,1669.0,7.0,19.0,93.0,340.0,123.0,319.0,1275.0,4712.0,147.0,370.0,1065.0,3780.0
2015-01-01,35271.0,331.0,11105.0,1659.0,7156.0,2641.0,468.0,6473.0,5438.0,2772.0,32499.0,9509.0,25762.0,7.0,14.0,92.0,218.0,298.0,493.0,3124.0,7190.0,53.0,86.0,462.0,1058.0,156.0,499.0,1566.0,4935.0,65.0,91.0,822.0,1663.0,8.0,20.0,103.0,337.0,132.0,318.0,1392.0,4631.0,156.0,376.0,1073.0,3833.0
2015-04-01,35921.0,352.0,11617.0,1641.0,7308.0,2694.0,512.0,6292.0,5505.0,2822.0,33099.0,9746.0,26175.0,8.0,12.0,113.0,219.0,303.0,543.0,3278.0,7493.0,50.0,93.0,404.0,1094.0,174.0,502.0,1610.0,5022.0,64.0,88.0,849.0,1693.0,7.0,21.0,113.0,371.0,134.0,296.0,1357.0,4505.0,147.0,380.0,1135.0,3843.0
2015-07-01,36067.0,366.0,11906.0,1596.0,7262.0,2768.0,511.0,6089.0,5569.0,2852.0,33215.0,9995.0,26072.0,6.0,11.0,109.0,240.0,305.0,575.0,3431.0,7595.0,43.0,99.0,413.0,1041.0,183.0,500.0,1621.0,4958.0,74.0,85.0,921.0,1688.0,12.0,23.0,129.0,347.0,135.0,287.0,1281.0,4386.0,141.0,373.0,1191.0,3864.0
2015-10-01,36983.0,399.0,12180.0,1619.0,7394.0,2837.0,527.0,6302.0,5725.0,2874.0,34109.0,10604.0,26379.0,11.0,8.0,116.0,264.0,305.0,570.0,3490.0,7815.0,51.0,114.0,408.0,1046.0,196.0,465.0,1758.0,4975.0,78.0,93.0,987.0,1679.0,13.0,31.0,133.0,350.0,146.0,276.0,1438.0,4442.0,160.0,357.0,1314.0,3894.0
2016-01-01,37830.0,413.0,12392.0,1729.0,7682.0,2853.0,535.0,6387.0,5839.0,2940.0,34890.0,11529.0,26301.0,13.0,13.0,117.0,270.0,349.0,552.0,3749.0,7742.0,50.0,92.0,481.0,1106.0,226.0,450.0,1943.0,5063.0,78.0,95.0,1029.0,1651.0,14.0,34.0,138.0,349.0,158.0,278.0,1588.0,4363.0,171.0,367.0,1425.0,3876.0
2016-04-01,38641.0,408.0,12643.0,1697.0,7753.0,2988.0,553.0,6457.0,6142.0,3061.0,35580.0,12158.0,26483.0,11.0,16.0,127.0,254.0,414.0,526.0,3850.0,7853.0,40.0,88.0,480.0,1089.0,231.0,452.0,1987.0,5083.0,101.0,90.0,1126.0,1671.0,15.0,34.0,130.0,374.0,158.0,278.0,1716.0,4305.0,206.0,401.0,1566.0,3969.0
2016-07-01,38992.0,428.0,12723.0,1628.0,7771.0,2944.0,579.0,6598.0,6321.0,3108.0,35884.0,12322.0,26670.0,11.0,17.0,133.0,267.0,425.0,542.0,3829.0,7927.0,43.0,81.0,417.0,1087.0,221.0,468.0,2082.0,5000.0,100.0,89.0,1086.0,1669.0,13.0,43.0,142.0,381.0,170.0,263.0,1801.0,4364.0,226.0,396.0,1623.0,4076.0
2016-10-01,39526.0,437.0,12805.0,1595.0,8028.0,2984.0,593.0,6776.0,6308.0,3206.0,36320.0,12470.0,27056.0,12.0,14.0,143.0,268.0,426.0,587.0,3873.0,7919.0,38.0,77.0,404.0,1076.0,230.0,511.0,2079.0,5208.0,108.0,97.0,1100.0,1679.0,10.0,41.0,141.0,401.0,175.0,268.0,1915.0,4418.0,208.0,404.0,1608.0,4088.0
